"State","Today","Yesterday","Last week","Last month","Last year","today_vs_yesterday","today_vs_last_month","today_vs_last_year"
"Alabama",3.9838,3.9726,4.049,3.8016,2.7594,0.01,0.18,1.22
"Alaska",5.0133,5.0183,5.0459,5.0285,3.8537,0,-0.02,1.16
"Arizona",4.7263,4.7389,4.788,4.5433,3.5199,-0.01,0.18,1.21
"Arkansas",3.9892,3.9813,4.016,3.7733,2.7102,0.01,0.22,1.28
"California",6.3602,6.3764,6.3905,5.8602,4.6556,-0.02,0.5,1.7
"Colorado",4.098,4.116,4.1263,4.1856,2.9517,-0.02,-0.09,1.15
"Connecticut",4.4437,4.4485,4.4805,4.3295,3.1128,0,0.11,1.33
"Delaware",4.1195,4.1545,4.3343,4.1594,2.9163,-0.03,-0.04,1.2
"Florida",4.1875,4.1469,4.253,3.9054,2.9984,0.04,0.28,1.19
"Georgia",3.8562,3.849,4.0485,3.8942,2.8881,0.01,-0.04,0.97
"Hawaii",5.6336,5.627,5.6,5.3888,4.4839,0.01,0.24,1.15
"Idaho",4.9303,4.9408,4.9869,4.6264,3.48,-0.01,0.3,1.45
"Illinois",4.6446,4.6488,4.7394,4.2867,3.2901,0,0.36,1.35
"Indiana",3.7059,3.7219,3.8331,3.4314,2.9674,-0.02,0.27,0.74
"Iowa",4.2976,4.255,4.2273,3.8792,2.7942,0.04,0.42,1.5
"Kansas",4.0455,4.0504,4.1188,3.7675,2.8012,0,0.28,1.24
"Kentucky",4.0839,4.0603,4.0746,3.8322,2.7782,0.02,0.25,1.31
"Louisiana",3.9424,3.9299,3.9916,3.7742,2.7131,0.01,0.17,1.23
"Maine",4.3917,4.3946,4.4128,4.196,3.0686,0,0.2,1.32
"Maryland",4.2063,4.2123,4.3126,4.0196,3.01,-0.01,0.19,1.2
"Massachusetts",4.3452,4.3508,4.3734,4.2145,3.0566,-0.01,0.13,1.29
"Michigan",4.4032,4.4295,4.5785,4.0273,3.0346,-0.03,0.38,1.37
"Minnesota",4.3051,4.2963,4.2901,3.9671,2.8957,0.01,0.34,1.41
"Mississippi",3.9425,3.9406,3.9792,3.7272,2.6773,0,0.22,1.27
"Missouri",4.0316,4.0301,4.1244,3.8157,2.7745,0,0.22,1.26
"Montana",4.5134,4.5145,4.5602,4.3982,3.1053,0,0.12,1.41
"Nebraska",4.2513,4.2259,4.3313,3.8616,2.8321,0.03,0.39,1.42
"Nevada",5.4645,5.4782,5.5052,4.9744,3.9085,-0.01,0.49,1.56
"New Hampshire",4.3241,4.3321,4.3526,4.1557,2.9972,-0.01,0.17,1.33
"New Jersey",4.2812,4.2945,4.3486,4.2699,3.0307,-0.01,0.01,1.25
"New Mexico",4.4946,4.4684,4.4485,4.0393,2.8945,0.03,0.46,1.6
"New York",4.4678,4.4725,4.4875,4.3153,3.1748,0,0.15,1.29
"North Carolina",4.1209,4.093,4.0965,3.838,2.8574,0.03,0.28,1.26
"North Dakota",4.1672,4.1684,4.229,3.9675,2.873,0,0.2,1.29
"Ohio",3.741,3.7841,4.2363,3.9139,2.9401,-0.04,-0.17,0.8
"Oklahoma",4.0248,4.002,4.0844,3.701,2.5856,0.02,0.32,1.44
"Oregon",5.0327,5.0393,5.0557,5.0199,4.1314,-0.01,0.01,0.9
"Pennsylvania",4.4568,4.4699,4.5205,4.302,3.2832,-0.01,0.15,1.17
"Rhode Island",4.315,4.3264,4.3628,4.2526,3.0199,-0.01,0.06,1.3
"South Carolina",4.0742,4.0323,4.0296,3.7501,2.8147,0.04,0.32,1.26
"South Dakota",4.2865,4.2639,4.2877,4.002,2.8703,0.02,0.28,1.42
"Tennessee",3.9838,3.9705,3.9974,3.8148,2.7388,0.01,0.17,1.25
"Texas",3.8904,3.903,3.927,3.6673,2.7415,-0.01,0.22,1.15
"Utah",4.9156,4.9271,4.9986,4.4091,3.3923,-0.01,0.51,1.52
"Vermont",4.4244,4.4276,4.446,4.2982,3.1662,0,0.13,1.26
"Virginia",4.2043,4.1582,4.19,3.9654,2.9525,0.05,0.24,1.25
"Washington",5.4771,5.4823,5.5066,5.5147,4.5086,-0.01,-0.04,0.97
"West Virginia",4.3045,4.2874,4.3394,3.9297,2.975,0.02,0.37,1.33
"Wisconsin",4.1391,4.1477,4.2518,3.8158,2.7661,-0.01,0.32,1.37
"Wyoming",4.5041,4.4909,4.5178,4.3621,3.0691,0.01,0.14,1.44
"District of Columbia",4.4428,4.4297,4.465,4.2166,3.2218,0.01,0.23,1.22
